Key Word	Snowflake
ACCOUNT	reserved
ALL	reserved
ALTER	reserved
AND	reserved
ANY	reserved
AS	reserved
BETWEEN	reserved
BY	reserved
CASE	reserved
CAST	reserved
CHECK	reserved
COLUMN	reserved
CONNECT	reserved
CONNECTION	reserved
CONSTRAINT	reserved
CREATE	reserved
CROSS	reserved
CURRENT	reserved
CURRENT_DATE	reserved
CURRENT_TIME	reserved
CURRENT_TIMESTAMP	reserved
CURRENT_USER	reserved
DATABASE	reserved
DELETE	reserved
DISTINCT	reserved
DROP	reserved
ELSE	reserved
EXISTS	reserved
FALSE	reserved
FOLLOWING	reserved
FOR	reserved
FROM	reserved
FULL	reserved
GRANT	reserved
GROUP	reserved
GSCLUSTER	reserved
HAVING	reserved
ILIKE	reserved
IN	reserved
INCREMENT	reserved
INNER	reserved
INSERT	reserved
INTERSECT	reserved
INTO	reserved
IS	reserved
ISSUE	reserved
JOIN	reserved
LATERAL	reserved
LEFT	reserved
LIKE	reserved
LOCALTIME	reserved
LOCALTIMESTAMP	reserved
MINUS	reserved
NATURAL	reserved
NOT	reserved
NULL	reserved
OF	reserved
ON	reserved
OR	reserved
ORDER	reserved
ORGANIZATION	reserved
QUALIFY	reserved
REGEXP	reserved
REVOKE	reserved
RIGHT	reserved
RLIKE	reserved
ROW	reserved
ROWS	reserved
SAMPLE	reserved
SCHEMA	reserved
SELECT	reserved
SET	reserved
SOME	reserved
START	reserved
TABLE	reserved
TABLESAMPLE	reserved
THEN	reserved
TO	reserved
TRIGGER	reserved
TRUE	reserved
TRY_CAST	reserved
UNION	reserved
UNIQUE	reserved
UPDATE	reserved
USING	reserved
VALUES	reserved
VIEW	reserved
WHEN	reserved
WHENEVER	reserved
WHERE	reserved
WITH	reserved
ABORT	non-reserved
ACCESS	non-reserved
ACTION	non-reserved
ADD	non-reserved
AFTER	non-reserved
AGGREGATE	non-reserved
ALLOW	non-reserved
ALWAYS	non-reserved
ANTI	non-reserved
APPLY	non-reserved
ARRAY	non-reserved
ASC	non-reserved
ASOF	non-reserved
AT	non-reserved
ATTACH	non-reserved
AUTHORIZATION	non-reserved
AUTOINCREMENT	non-reserved
BEFORE	non-reserved
BEGIN	non-reserved
BERNOULLI	non-reserved
BINARY	non-reserved
BLOCK	non-reserved
BOOLEAN	non-reserved
BOTH	non-reserved
BUSINESS_CRITICAL	non-reserved
CACHE	non-reserved
CALL	non-reserved
CALLED	non-reserved
CASCADE	non-reserved
CATALOG	non-reserved
CHANGES	non-reserved
CHAR	non-reserved
CHARACTER	non-reserved
CLONE	non-reserved
CLUSTER	non-reserved
COLLATE	non-reserved
COMMENT	non-reserved
COMMIT	non-reserved
COMPRESSION	non-reserved
CONTINUE	non-reserved
COPY	non-reserved
CREDENTIALS	non-reserved
CUBE	non-reserved
CURRENT_ROLE	non-reserved
CURRENT_SCHEMA	non-reserved
CURRENT_SESSION	non-reserved
CURRENT_WAREHOUSE	non-reserved
CYCLE	non-reserved
DATA	non-reserved
DATE	non-reserved
DAY	non-reserved
DECIMAL	non-reserved
DECLARE	non-reserved
DEFAULT	non-reserved
DEFERRABLE	non-reserved
DEFINE	non-reserved
DELTA	non-reserved
DESC	non-reserved
DESCRIBE	non-reserved
DETERMINISTIC	non-reserved
DIRECTORY	non-reserved
DISABLE	non-reserved
DISTRIBUTE	non-reserved
DOUBLE	non-reserved
DYNAMIC	non-reserved
EACH	non-reserved
ENABLE	non-reserved
ENCRYPTION	non-reserved
END	non-reserved
ENFORCED	non-reserved
EQUALITY	non-reserved
ESCAPE	non-reserved
EVENT	non-reserved
EXCEPT	non-reserved
EXCHANGE	non-reserved
EXCLUDE	non-reserved
EXECUTE	non-reserved
EXPLAIN	non-reserved
EXTERNAL	non-reserved
FETCH	non-reserved
FILE	non-reserved
FILE_FORMAT	non-reserved
FILES	non-reserved
FIRST	non-reserved
FLATTEN	non-reserved
FLOAT	non-reserved
FORCE	non-reserved
FOREIGN	non-reserved
FORMAT	non-reserved
FUNCTION	non-reserved
FUTURE	non-reserved
GENERATOR	non-reserved
GEOGRAPHY	non-reserved
GEOMETRY	non-reserved
GET	non-reserved
GLOBAL	non-reserved
GRANTS	non-reserved
GROUPING	non-reserved
GROUPS	non-reserved
HEADER	non-reserved
HOUR	non-reserved
HYBRID	non-reserved
ICEBERG	non-reserved
IDENTITY	non-reserved
IF	non-reserved
IFF	non-reserved
IGNORE	non-reserved
IMMEDIATE	non-reserved
IMMUTABLE	non-reserved
IMPORTED	non-reserved
INDEX	non-reserved
INITIALLY	non-reserved
INTEGER	non-reserved
INTERVAL	non-reserved
ITERATE	non-reserved
KEY	non-reserved
KEYS	non-reserved
LANGUAGE	non-reserved
LAST	non-reserved
LEAD	non-reserved
LIMIT	non-reserved
LIST	non-reserved
LOCATION	non-reserved
MANAGED	non-reserved
MASKING	non-reserved
MATCH	non-reserved
MATCHED	non-reserved
MATCH_CONDITION	non-reserved
MATCH_RECOGNIZE	non-reserved
MATERIALIZED	non-reserved
MAX_DATA_EXTENSION_TIME_IN_DAYS	non-reserved
MEASURES	non-reserved
MERGE	non-reserved
MINUTE	non-reserved
MODIFY	non-reserved
MONITOR	non-reserved
MONTH	non-reserved
NAME	non-reserved
NEXT	non-reserved
NEXTVAL	non-reserved
NOCACHE	non-reserved
NOORDER	non-reserved
NULLS	non-reserved
NUMBER	non-reserved
NUMERIC	non-reserved
OBJECT	non-reserved
OFFSET	non-reserved
OMIT	non-reserved
ONE	non-reserved
ORDER_BY	non-reserved
OUTER	non-reserved
OVER	non-reserved
OVERWRITE	non-reserved
OWNERSHIP	non-reserved
PARALLEL	non-reserved
PARAMETERS	non-reserved
PARTITION	non-reserved
PARTITION_BY	non-reserved
PAST	non-reserved
PATTERN	non-reserved
PERCENT	non-reserved
PERMUTE	non-reserved
PIPE	non-reserved
PIVOT	non-reserved
POLICY	non-reserved
PRECEDING	non-reserved
PRECISION	non-reserved
PRESERVE	non-reserved
PRIMARY	non-reserved
PRIOR	non-reserved
PRIVILEGES	non-reserved
PROCEDURE	non-reserved
PURGE	non-reserved
PUT	non-reserved
RANGE	non-reserved
RAW	non-reserved
READ	non-reserved
RECLUSTER	non-reserved
RECURSIVE	non-reserved
REFERENCES	non-reserved
REFRESH	non-reserved
REFRESH_MODE	non-reserved
REGIONS	non-reserved
RELAXED	non-reserved
REMOVE	non-reserved
RENAME	non-reserved
REPLACE	non-reserved
RESOURCE	non-reserved
RESTRICT	non-reserved
RESULT	non-reserved
RESUME	non-reserved
RETURN	non-reserved
RETURNS	non-reserved
REVERSE	non-reserved
ROLE	non-reserved
ROLLBACK	non-reserved
ROLLUP	non-reserved
RUNTIME_VERSION	non-reserved
SCALING_POLICY	non-reserved
SEARCH	non-reserved
SECOND	non-reserved
SECURE	non-reserved
SECURITY	non-reserved
SEED	non-reserved
SEMI	non-reserved
SEQUENCE	non-reserved
SESSION	non-reserved
SHARE	non-reserved
SHOW	non-reserved
SIMPLE	non-reserved
SIZE	non-reserved
SKIP	non-reserved
SNAPSHOT	non-reserved
SORT	non-reserved
STAGE	non-reserved
STANDARD	non-reserved
STATEMENT	non-reserved
STORAGE	non-reserved
STREAM	non-reserved
STRING	non-reserved
SUSPEND	non-reserved
SWAP	non-reserved
SYSTEM	non-reserved
TABLES	non-reserved
TAG	non-reserved
TARGET_LAG	non-reserved
TASK	non-reserved
TEMP	non-reserved
TEMPORARY	non-reserved
TEXT	non-reserved
TIME	non-reserved
TIMESTAMP	non-reserved
TIMESTAMP_LTZ	non-reserved
TIMESTAMP_NTZ	non-reserved
TIMESTAMP_TZ	non-reserved
TIMEZONE	non-reserved
TOP	non-reserved
TRANSACTION	non-reserved
TRANSIENT	non-reserved
TRIM	non-reserved
TRUNCATE	non-reserved
TYPE	non-reserved
UNBOUNDED	non-reserved
UNDROP	non-reserved
UNPIVOT	non-reserved
UNSET	non-reserved
UNTIL	non-reserved
USAGE	non-reserved
USE	non-reserved
USER	non-reserved
VALIDATE	non-reserved
VARCHAR	non-reserved
VARIABLES	non-reserved
VARIANT	non-reserved
VECTOR	non-reserved
VOLATILE	non-reserved
WAREHOUSE	non-reserved
WAREHOUSE_SIZE	non-reserved
WEEK	non-reserved
WHILE	non-reserved
WINDOW	non-reserved
WITHIN	non-reserved
WITHOUT	non-reserved
WRITE	non-reserved
YEAR	non-reserved
ZONE	non-reserved
